Sygnatura czasowa,author,Cyfrowy wsizerunek pracy (prosimy o podpisanie prac imieniem i nazwiskiem lub pseudonimem):,title,type,format,"Inne technikalia (wszystko, czym chciał*byś się z nami podzielić): ",Czy chcesz przesłać kolejną pracę?,Cyfrowy wizeqrunek pracy (prosimy o podpisanie prac imieniem i nazwasdiskiem lub pseudonimasdem):,title2,type2,format2,"Innae technikalia (wszystko, czym chciał*byś się z nami podzielić): ",Czy chcesz przesłać asdkolejną pracę?,Cyfrowy wizerasdunek pracy (prosimy o podpisanie prac imieniem i nazwiskiem lub pseuasddonimem):,title3,type3,format3,"Inne tecasdhnikalia (wszystko, czym chciał*byś się z nami podzielić): "
2022-10-06 17:52:26,Kamila Okrutny,https://drive.google.com/open?id=1za_jXQrOA9XsflE4U-cD97OGsBP3fOLn,-,Grafika,20x20,Jest to wydruk. ,"Nie, wyślij formularz",,,,,,,,,,,
2022-10-06 17:56:26,Kasia Walentynowicz,"https://drive.google.com/open?id=12wgMAvdY3537NInQBusX2Z6s9nCHIcyx, https://drive.google.com/open?id=1ia7-LbKiBp8pCP8lsA2xGG4to2PcduBp, https://drive.google.com/open?id=1Xt3oMbPVvkka458NW1UGYPhcqf8LtO2p",Śpiący kot,Grafika,40×30,"Wydruk artystyczny ręcznie sygnowany przez autorkę.
Wysokiej jakości druk pigmentowy na papierze Tecco Professional Pastell Matt 225 g.
Rama poglądowo – nie jest elementem pracy.","Nie, wyślij formularz",,,,,,,,,,,
2022-10-06 18:12:10,koszmarne mazaje,"https://drive.google.com/open?id=1EI2pxFJVAjPTy_zOBcWQFfG8Q9tyvyPS, https://drive.google.com/open?id=1yhqoSCcGOfiy3QQaHhcQk48QAZe8oSym, https://drive.google.com/open?id=1Gz2DBNgOD18OFQVShODpNN1M1W3-NUk1, https://drive.google.com/open?id=1QRDtCNQ6BQf85HfRnSiMBrmXWI1-mlZt",Król Domu,Grafika,50x70,,"Nie, wyślij formularz",,,,,,,,,,,
2022-10-07 00:10:12,konrad roche,https://drive.google.com/open?id=1wP9TeHmKYS14nxA7zDUxBvj-F5GUXGW1,kosmiczny cerber,Grafika,50x70,,"Nie, wyślij formularz",,,,,,,,,,,
2022-10-16 14:19:53,Adrian Wilczyński,https://drive.google.com/open?id=16-KgMo2VMqf5T8dLXqsTqBlAKDHHo9qG,Alma&Balba,Grafika,A2,,"Nie, wyślij formularz",,,,,,,,,,,
2022-10-16 20:10:09,Adela Madej,https://drive.google.com/open?id=1kpUQFdMnWhLX9EPFbWQmRzfMe9C2e56m,The Happy Dog,Grafika,A2 ,,"Nie, wyślij formularz",,,,,,,,,,,
2022-10-19 12:11:25,Julia Hanke,"https://drive.google.com/open?id=13oXmSY_TvYNhkprxF5IonFNOVfWTdNX7, https://drive.google.com/open?id=1OxL9WVPGAyXZc86Mi7WZwqKu1ZcoRbZM",Not a couch dog,Inne,A2 - 420 x 594 mm,"ilustracja cyfrowa wydrukowana na grubym, matowym papierze fomei","Nie, wyślij formularz",,,,,,,,,,,
2022-10-19 14:57:31,Krzysztof Świerkosz,"https://drive.google.com/open?id=1J6xuKWb2jFhwqyAaM6u7KvmEZ2fOQrsy, https://drive.google.com/open?id=16IQFk3YDjmTAHZg0XCWtjgYC7AoyE6xE",Wszystko Wolno,Grafika,30x40cm,Druk pigmentowy na papierze CrushCorn 250g,"Nie, wyślij formularz",,,,,,,,,,,
2022-10-19 19:42:47,KURZ ceramika,"https://drive.google.com/open?id=1dpL-_Sd6_mJSEkyvDoWsrZ7JYK2stZlh, https://drive.google.com/open?id=1-St56nVp1a7Boi-ye_Yb_PcvoFjPYsqb, https://drive.google.com/open?id=13-x-bh6czNhragb8fH3a_vfSd12JNhbP, https://drive.google.com/open?id=1MwnfW9H7DhKu1PPp-fSMEFgFa9ULPpax",Dzielna miska,Ceramika,"średnica 18 cm, wysokość 4 cm","bezpieczna do kontaktu z żywnością, można myć w zmywarce","Nie, wyślij formularz",,,,,,,,,,,
2022-10-19 20:08:48,Agnieszka Osiecka (RYSUJĘ BO SIĘ NUDZĘ),https://drive.google.com/open?id=1Bt7n-m7RvzOUex47nSoxlppwWGqeYMed,HISTERIE ZWIERZĘCE: GRAŻYNA! MAŁO...,Grafika,40x50,,Tak,https://drive.google.com/open?id=1bKSFovdAMKw6waLOeVDKO9JTlfTBFbKp,HR-owe HEHESZKI,Grafika,50x70,,"Nie, wyślij formularz",,,,,
2022-10-20 08:51:52,OTOOKA,"https://drive.google.com/open?id=1gLm5KELcSCd3-ct3BNk2LTCVXcuJ8Zpm, https://drive.google.com/open?id=1R9JMqNnJzuPH_lpIP4XhdUKCHVSVNRhV, https://drive.google.com/open?id=1ihceafRmm96xG7bFivHMLu9VbE8KZHwJ, https://drive.google.com/open?id=1NyUrWo2ofizZGz_znhxT5NwY7Gx-Miq7, https://drive.google.com/open?id=19PPo6ZVIZaRA6hfDqMh8Ykk_Yf9Drve8",Psie stworzenie,Ceramika,"12,6 cm x 8,5 cm x 7 cm","Rzeźba wykonana ręcznie z jasnej gliny z ""piegami"", ozdobiona angobami, pokryta szkliwem transparentnym, wypalona w temperaturze 1200 °C.","Nie, wyślij formularz",,,,,,,,,,,
2022-10-20 12:20:46,Ewa Ziembicka,"https://drive.google.com/open?id=1a9EmwSDuCU4Cce3Oy5RFiRw4a_5iy9-D, https://drive.google.com/open?id=12vGQXYWKgnRFNZcqeaHPsoX5VmjvfX9b",Happy Pug,Inne,253 x 253 mm,"Kolaż przestrzenny ze szczęśliwym mopsikiem w czapeczce, w otoczeniu balonów. Jego cechą szczególną jest, to że powoduje niekontrolowany uśmiech i nie da się przejść obok niego obojętnie.
Kolaż papierowy wycięty z gazet i papieru, sklejony z passe partout. Baloniki zamocowane na srebrnych drucikach. Kolaż jest instalacją kompletną. ","Nie, wyślij formularz",,,,,,,,,,,
2022-10-21 09:50:21,Aleksandra Drobot,https://drive.google.com/open?id=1EcqZtUpj6tCRkz0_-yYW631xq3AQO0up,"pieski, kotki, koniki",Grafika,50x70 cm,,"Nie, wyślij formularz",,,,,,,,,,,
2022-10-21 17:22:59,Mary Zaleska,https://drive.google.com/open?id=1OZnsqTgx2IL3NxWGCYZwzubLRA2sJVQK,Lounge,Grafika,40x50 cm,Digital Art,"Nie, wyślij formularz",,,,,,,,,,,
2022-10-21 18:08:10,Jagoda Stączek BLUEBERRYTHINKS,https://drive.google.com/open?id=1hrNKVo9BneAG8pkLXx5DVGd2NWSvq5hP,"Charcik wersja III, 4/30",Grafika,30x40,"linoryt kolorowy , limitowany","Nie, wyślij formularz",,,,,,,,,,,
2022-10-21 19:28:07,Cynamon Studio,"https://drive.google.com/open?id=1608pp7fik9efE34MYhjql8Aqcl2mAhKu, https://drive.google.com/open?id=1vLe1Xf822WIR2t3mvfUBqGWANaWZNbwo",Happy,Ceramika,"Średnica ok. 23 cm, wys. 2 cm.","Talerz z motywem pieska marzyciela, malowany farbami podszkliwnymi. Dodatkowo zdobiony miętowym szkliwem, z czarnymi drobinkami. Wykonany z wysokiej jakości kremowej gliny, 100% handmade. Wypalany dwukrotnie, szkliwiony jednostronnie, sygnowany. Zastosowane szkliwo nadaje się do kontaktu z żywnością.
Talerz można myć w zmywarce.","Nie, wyślij formularz",,,,,,,,,,,
2022-10-22 12:23:59,Hania Kmieć,https://drive.google.com/open?id=1eHnY-zxhTqJDIYTHkNKPs1Og1WR5gJy-,Pimpuś the Kid,Grafika,30 cm x 30 cm,,"Nie, wyślij formularz",,,,,,,,,,,
2022-10-23 23:09:25,Magda Wolna,https://drive.google.com/open?id=1hINhupTm10ETgUnMzeKWwnl7NcM5oujc,Sabinka z dużą świnią,Inne,A3,"Praca oryginalna, technika własna, farby drukarskie","Nie, wyślij formularz",,,,,,,,,,,
2022-10-24 09:38:05,Katarzyna Kaffka,https://drive.google.com/open?id=1fpyavT4vOMwCaJAcyw9b3EJN492G-T9c,Kot,Grafika,50x70cm,,Tak,https://drive.google.com/open?id=142cN64gU1vU3YzXbTpHKTBADml4hPNbb,Pies,Grafika,50x70cm,,"Nie, wyślij formularz",,,,,
2022-10-24 11:40:51,Kate Glowacky,"https://drive.google.com/open?id=1r5BL7nWIjTDDuVUeaXd50MgzoECYI8q8, https://drive.google.com/open?id=1BZDnRpp9UBbomYpmgi06SvJ4TcTiBFsj, https://drive.google.com/open?id=1hmiZ5NLBstYyKAbUNZ-rH6YozoKKvFLT",Sonchifolia,Grafika,50x70 cm,,"Nie, wyślij formularz",,,,,,,,,,,
2022-10-24 14:23:53,"Monika Smetaniuk, Bazgram Sobie",https://drive.google.com/open?id=13YvgTmDsrTHaloI1Ybs9xBUbSBkRhLj6,Na grzybach z Lisem Polarnym,Grafika,a3,,"Nie, wyślij formularz",,,,,,,,,,,
2022-10-24 15:56:29,Paweł Szlotawa,https://drive.google.com/open?id=1aK702Q5aYHLMHRe6JWcOYb3-8fWhfqRR,Psi detektyw,Inne,50x70,"Rysunek tradycyjny, reprodukcja cyfrowa","Nie, wyślij formularz",,,,,,,,,,,
2022-10-25 08:56:57,Maria Antonina Mazurek,"https://drive.google.com/open?id=1H4dG_opGScjIni56ULoXy3eAyUEGzBd1, https://drive.google.com/open?id=1j-SMSNgkZ0gGI5Dz-VdpTy7WwZS7vAAO",Kotki psotki,Grafika,A3,Prace do wylicytowania w duecie :) Jeśli potrzeba obie grafiki na jednym obrazku to proszę o kontakt :) ,"Nie, wyślij formularz",,,,,,,,,,,
2022-10-25 13:02:28,Nora Potwora,"https://drive.google.com/open?id=1g3oENlJRpkYCSDGBlLow727kRj6PUuDL, https://drive.google.com/open?id=1T09MgF6oSHiUbai6zplz2Oo7qnK7wSmC",Hibiscus Tiger,Inne,40x50cm,"Wydruki są wykonane techniką druku pigmentowego, na papierze o bardzo delikatnej fakturze o gramaturze 200g.

Druk pigmentowy gwarantuje najwyższą jakość druku cyfrowego. Charakteryzuje się wyrazistością szczegółów, wiernym oddaniem kolorów, a także wieloletnią trwałością - producent szacuje trwałość tuszy na około 80 lat. Dzięki temu druk jest odporny zarówno na warunki wewnętrzne, jak i na działanie słońca. W połączeniu z matowym papierem gwarantuje to najwyższą jakość wrażeń wizualnych - wydruk nie błyszczy się, a wszystkie szczegóły są dobrze widoczne pod każdym kątem.",Tak,"https://drive.google.com/open?id=1jjGU0h4AEcPOxw2RGItzrBt_zSv0-Vnc, https://drive.google.com/open?id=1gqsrjCTB5OUSCWpIxUCECwzCYd-mko3C",Spotted Blooms,Inne,40x50cm,"Wydruki są wykonane techniką druku pigmentowego, na papierze o bardzo delikatnej fakturze o gramaturze 200g.

Druk pigmentowy gwarantuje najwyższą jakość druku cyfrowego. Charakteryzuje się wyrazistością szczegółów, wiernym oddaniem kolorów, a także wieloletnią trwałością - producent szacuje trwałość tuszy na około 80 lat. Dzięki temu druk jest odporny zarówno na warunki wewnętrzne, jak i na działanie słońca. W połączeniu z matowym papierem gwarantuje to najwyższą jakość wrażeń wizualnych - wydruk nie błyszczy się, a wszystkie szczegóły są dobrze widoczne pod każdym kątem.","Nie, wyślij formularz",,,,,
2022-10-25 14:20:24,Pracownia Kurpiowska,https://drive.google.com/open?id=1vn3TxB3VnmopruxZd_3aFdKmkYf_4D7F,Wywczas,Grafika,A3,Praca na grubej kartce papieru o gramaturze 300g/m,Tak,https://drive.google.com/open?id=1nsCtUGOKsfutJ9lPf8Ocq-iaBqQ87dQg,Spacerkowce,Grafika,A3,Praca na grubej kartce papieru o gramaturze 300g/m,"Nie, wyślij formularz",,,,,
2022-10-25 14:57:01,Viktoria Górko,https://drive.google.com/open?id=1jGVAyZLvK7XPVVsuAiaegLtNdBnPqLOw,Lazy but very cool,Inne,45x49cm,Plakat tekstylny/proporczyk - digital art drukowany na kodurze ,"Nie, wyślij formularz",,,,,,,,,,,
2022-10-25 19:48:43,Marianna Sztyma,https://drive.google.com/open?id=1tovO-aZmRfKcqmEQwVdE4gtqWLlrFQcz,Lotta ,Inne,"21/29,5 cm","Technika: farby akrylowe, kolaż, kredki na papierze. Ilustracja z książki LOTTA, napisanej przez Zofię Stanecką, Wydawnictwo Kropka.","Nie, wyślij formularz",,,,,,,,,,,
2022-10-25 21:26:17,Katarzyna Majewska-Kremska,https://drive.google.com/open?id=1Vd8w4ECQqq9xScp5YD9QlIlMF774FxEQ,Pieski,Malarstwo,A3,praca wykonana w technice gwaszu,"Nie, wyślij formularz",,,,,,,,,,,
2022-10-26 11:11:28,Magda Kubiak/ Dziki las collages,https://drive.google.com/open?id=1xt4_iHSC3G22pFv-qxMztBsc9TqzbsYx,Wpadłam z kawką.,Grafika,50x70,Plakat wydrukowany na papierze Mohawk Eggshell 148g. ,Tak,https://drive.google.com/open?id=1I3u9cKWL6EOek5hNLxWn5hbCm4qfqzIj,Foch?,Inne,50x70,"Plakat wykonany w technice kolażu, wydrukowany na papierze Mohawk Eggshell 148g.",Tak,https://drive.google.com/open?id=1Zn0YpYgF1tntmGmfiOPB-sNOel60DPkJ,Kocilla,Inne,50x70,Praca wykonana w technice kolażu. Plakat drukowany na papierze Mohawk Eggshell 148g. 
2022-10-26 11:34:55,Nieszka Skłodowska,https://drive.google.com/open?id=1wjSYyv18EYF1v_Q68AO-zTZAku7T0n4W,Beware of dog,"Grafika, Inne",30x30cm,Kolaż digitalowy stworzony z elementów archiwalnych oraz fotografii,"Nie, wyślij formularz",,,,,,,,,,,
2022-10-26 15:32:20,Aleksandra Łysiak-Szumska/ Jeleniara,https://drive.google.com/open?id=1kSZnVCFWyITDAxRLsCO65AbFmmoDCT-L,The Morning Rat,Inne,420x594 mm (A2),"""The Morning Rat"" to ilustracja cyfrowa, narysowana ręcznie za pomocą tabletu graficznego. Jej fizyczna wersja ma format A2 i została wydrukowana w technice druku atramentowego na papierze matowym o gramaturze 180 gsm. Ilustracja przedstawia jednego z moich szczurków  w otoczeniu wzorów inspirowanych polskim folklorem.","Nie, wyślij formularz",,,,,,,,,,,
2022-10-26 18:25:02,Dorota Bujak,https://drive.google.com/open?id=1TOWYrpQYlHhEdLdxaQz1NWkGBgBzXdua,Pierwszy człowiek i psy Ulgena,Grafika,50x70 cm ,"monotypia, grafika cyfrowa ","Nie, wyślij formularz",,,,,,,,,,,
2022-10-26 19:42:06,Lena Solo,https://drive.google.com/open?id=1n6z6tV7cSLUYbFJUejGZmb-Kfpu4vXr3,Unu,Inne,"21x29,7 cm (A3)",ilustracja cyfrowa,Tak,https://drive.google.com/open?id=11pmFSp_lAeUESsRmpfn4todlG-MP00TW,Koteiny II,Inne,"21x29,7 (A3)",ilustracja cyfrowa,"Nie, wyślij formularz",,,,,
2022-10-26 20:45:13,Sylwester Kluszczyński,https://drive.google.com/open?id=1Sp-vzKPt4ABXgTZbjW9_IypZK2Br3ShG,Irbis ,Grafika,50cm x 70cm ,Ilustracja została wykonana cyfrowo,"Nie, wyślij formularz",,,,,,,,,,,
2022-10-27 11:05:52,Martyna Szulakiewicz-Gaweł (Dogografia),https://drive.google.com/open?id=13VVPuacKkNNyAMAuoOFvW7ZtLaM-Ls06,Voucher na plenerową sesję zdjęciową pupila,Fotografia,10x15,,"Nie, wyślij formularz",,,,,,,,,,,
2022-10-27 13:37:39,Sonia Dubois,"https://drive.google.com/open?id=1bG-zY87vf1l0Hl16hWxh1jCW7DQVy_Og, https://drive.google.com/open?id=1kuMBKt42Z1jmKmNoeSvqAPO5zXCIDXs4, https://drive.google.com/open?id=1Zlga6llVRhMJZBfA2F_p7rghpZb1-WhG, https://drive.google.com/open?id=1SfeecWZvkC8i9t_W9XetG-JF-tdimoIh, https://drive.google.com/open?id=13l31r0uOWhBRxp3YoiJrmAig7L7DjJ_M",Benio,Grafika,"rama: 36x46 cm, druk: 30x40 cm","Linoryt, kolor: ultramaryna, seria: 1/1","Nie, wyślij formularz",,,,,,,,,,,
2022-10-27 13:56:08,Monika Sikorska (MONIfaktura),"https://drive.google.com/open?id=1GBHiu6FDA9mYqMyvnY0JXmISsOedP5Xe, https://drive.google.com/open?id=1PvS6mv1zDOL3FAPjKdv1IveEkeC1Lc3z, https://drive.google.com/open?id=1HeZTEtm939xdfoxdBMVH8-AKVA4YQuTo","""PSIA KREW"", czarka ceramiczna ",Ceramika,8 x 9 cm,"Czarka jest lepiona i szkliwiona ręcznie, dlatego na próżno w niej szukać idealnych kształtów- ale z pewnością znajdziesz w niej pewną historię i ślady moich dłoni ;) Można myć w zmywarce. ","Nie, wyślij formularz",,,,,,,,,,,
2022-10-27 16:22:55,Ola Szczepaniak,https://drive.google.com/open?id=1GJV79bBFYLB63_Rt_kImWs6Us2V3AZc-,Pieski,Grafika,30 x 40 cm,"Szkic pracy powstał jako analogowy kolaż, a następnie został zeskanowany i przerobiony cyfrowo","Nie, wyślij formularz",,,,,,,,,,,
2022-10-28 10:49:15,Justyna Bojczuk,https://drive.google.com/open?id=11xLtsKsEjqtWlgwuNBHtjTLuDEMtDvxE,Pieskie życie mini,Grafika,30x40,Grafika wykonana techniką linorytu. ,"Nie, wyślij formularz",,,,,,,,,,,
2022-10-28 14:25:34,Magda Chołaścińska/ atogrzywa,https://drive.google.com/open?id=13WUy_GyclC33E74xDKHiyxO18KlXrVID,Portret Twojego pupila,Grafika,wersja elektroniczna portretu (50x70 cm),,"Nie, wyślij formularz",,,,,,,,,,,
2022-10-28 14:57:54,Katarzyna Roman,https://drive.google.com/open?id=12fS3fNFOc-CxcbYLH_6s8mDoOgjVXRkJ,Pani Jesień,Grafika,A4 - 297x210 mm,"“Pani Jesień” to dumny łabędź, o leśnej koronie oraz dębowej kolii, czyli jesiennymi atrybutami.
Ta malownicza hybryda łączy florę i faunę i w ten sposób zaprasza do śnienia na jawie.
Grafika wykonana jest w technice linorytu, która polega na wydrążeniu ilustracji w twardym materiale jakim jest linoryt i przy pomocy prasy drukarskiej, odbiciu ilustracji. Każda grafika jest numerowana i sygnowana. ","Nie, wyślij formularz",,,,,,,,,,,
2022-10-28 15:13:02,Zosia Lasocka,https://drive.google.com/open?id=1fqEipsjsFy9WqaMR6PHCxRwQRvfsw2fK,Pobaw się ze mną!,Grafika,30x40 cm,"Muszę jeszcze zrobić próbę wydruku - doślę Wam w przyszłym tygodniu szczegóły, na jakim papierze będzie praca","Nie, wyślij formularz",,,,,,,,,,,
2022-10-28 16:19:11,Alina Tyshchuk,https://drive.google.com/open?id=1tZS3tnFCUAZPju4QNwYLafVAksFeg81w,Rooster,Grafika,210x297 cm,,"Nie, wyślij formularz",,,,,,,,,,,
2022-10-28 21:03:16,Gusia Szlachciak,https://drive.google.com/open?id=13qsqjkYBot1ZvhvurPz48viyHK3bEdir,Kocimiętka,Inne,50cm x 70cm,"Jedyny i unikatowy wydruk kolażu analogowego w formie plakatu B2 (praca ta nie będzie nigdy w sprzedaży, poza aukcją charytatywną PetPortrait)","Nie, wyślij formularz",,,,,,,,,,,
2022-10-29 03:03:58,Kasia Kozakiewicz,https://drive.google.com/open?id=1HZe79GbmscNpruPr15-7G0EyoIu0si_B,"My, zwierzęta",Grafika,30 x 40 cm,"Rysunek cyfrowy, druk pigmentowy","Nie, wyślij formularz",,,,,,,,,,,
2022-10-29 11:37:36,Natalia Koniuszy ,https://drive.google.com/open?id=13I4B1bVerA_Kc6nQeGkkLP-LP42VYib_,Mori,Grafika,50x70 cm,Kolaż cyfrowy ,"Nie, wyślij formularz",,,,,,,,,,,
2022-10-30 14:14:08,Agata Małecka,"https://drive.google.com/open?id=17_ECiZcw3XvEqP_cH-ssadc5g7-GBlHs, https://drive.google.com/open?id=1RIvK0CHkIAlw0Xl8u0hw3-YkCirL53q6",Niech żyją na wolności,Grafika,500x700 mm,Wydrukowany na bezdrzewnym papierze premium o gramaturze 148g i strukturze imitującej skorupkę jajka.,"Nie, wyślij formularz",,,,,,,,,,,
2022-10-30 15:50:37,Kasia Worek,https://drive.google.com/open?id=1KZuD0YDH7b8G4jZZOp36WJNnZAkt3Vf4,Pieska noc,Grafika,50 x 70 cm,Wydruk cyfrowy ,"Nie, wyślij formularz",,,,,,,,,,,
2022-10-30 17:08:15,Michał Stępień,https://drive.google.com/open?id=1lyroEqh45zG23x7y6A5t0G-iqrAP2dEu,Podaj dłoń,Grafika,"A3 - 42 cm x 29,7 cm",,Tak,https://drive.google.com/open?id=18eRU1aiCkKGXjN3fb6YfpvsuTOOqrdc2,Koty,Grafika,"A3 42 cm x 29,7 cm",,"Nie, wyślij formularz",,,,,
2022-10-30 17:36:16,Klaudia  Polak,https://drive.google.com/open?id=1EN5sT-mNE9wESeXM_9fZFPMA93us-z1r,Przyjaciele,Grafika,30x40cm,,"Nie, wyślij formularz",,,,,,,,,,,
2022-10-30 19:02:21,Anna Jeziorska,https://drive.google.com/open?id=1k77dhg7PdORNRlp-ZwaktGvL5GdFGrUY,Pieska pogoda,Grafika,40x50 cm,,"Nie, wyślij formularz",,,,,,,,,,,
2022-10-30 21:10:26,Eliza Banaś/ ezopowa,https://drive.google.com/open?id=1nwHqIk8ilA4_wU3GVj4aEp5LpGXBmvUd,Pies na budę,Grafika,A2 (420x594mm),,"Nie, wyślij formularz",,,,,,,,,,,
2022-10-31 07:05:54,Natalia Anna Łęcka,https://drive.google.com/open?id=1T0H1sTanGbMk5Ndha-W0BpPiqG5MCoXE,Mooncat,Grafika,50x70 cm,Praca wykonana metodą kolażu,Tak,https://drive.google.com/open?id=1fiVdbxyrOC8hV-BRhU1eIhZLXNrQXPac,Łowca ptaków ,Grafika,50x70cm,Praca wykonana techniką kolażu,Tak,https://drive.google.com/open?id=1GnwHEdkDOgtOVeg0KSKMRHRunZUjm2w2,Suncat,Grafika,50x70cm,Praca wykonana techniką kolażu
2022-10-31 08:13:27,Maria jagłowska/ naczyniaki ceramika ,https://drive.google.com/open?id=1eOLninM82fsClC9El8oEll29VtpGTVRP,Psychożaba,Ceramika,17cm wysokości (bez żarówki),"Najlepiej, gdyby na wystawie była możliwość podłączenia jej do prądu :)","Nie, wyślij formularz",,,,,,,,,,,
2022-10-31 09:27:26,Hanna Ilczyszyn,https://drive.google.com/open?id=1TScyopfVzcxYprxLPr56vCmJgH1ZovHQ,Dziewczyna z kotem,Malarstwo,80/60 cm,Akryl i olej na plotnie,"Nie, wyślij formularz",,,,,,,,,,,
2022-10-31 09:43:29,Ola szmida,https://drive.google.com/open?id=155oaCI4TnoAFGEjsTyb2wGfDUzkAxOPb,Dog Person,Grafika,A3+,Druk pigmentowy na archiwalnym papierze,"Nie, wyślij formularz",,,,,,,,,,,
2022-10-31 10:02:38,Aneta Czapla - Paciorkowska,https://drive.google.com/open?id=1NR71kO3abap5p8T2ICyDjdX084uJrEax,Nadkot,Inne,50x70 cm,Praca wykonana ręcznie w technice kolażu analogowego. Zeskanowa i wydrukowana.,"Nie, wyślij formularz",,,,,,,,,,,
2022-10-31 10:10:10,Klaudia Kozińska,https://drive.google.com/open?id=19pNzZr4RmFye3r_CBTk5RW3MDFOL8jiX,motyle,Grafika,50x70cm,,"Nie, wyślij formularz",,,,,,,,,,,
2022-10-31 10:43:30,MONIfaktura (Monika Sikorska),https://drive.google.com/open?id=1hl5qbn7JLcXwd4Ady3tuxFmPvBjiLLaG,"Broszka ceramiczna ""Psia krew""",Ceramika,7 cm,"Broszka wykonana z gliny, pokryta czarnym i brązowym szkliwem. Baza broszki ze stali chirurgicznej, podklejona miękkim filcem. ","Nie, wyślij formularz",,,,,,,,,,,
2022-10-31 11:50:13,Michał Stępień,https://drive.google.com/open?id=1P_NcBHDjen_9HHgaeK10Dk5EQd6Muefh,Psy,Grafika,"A3 42 cm x 29,7 cm",,"Nie, wyślij formularz",,,,,,,,,,,
2022-10-31 13:08:50,Weronika Cholewa,https://drive.google.com/open?id=1fSXU24LHgZeOuSR9_NS6_K0m17v8KhDu,Psinka,"Grafika, Inne",30cm x 40cm,"druk cyfrowy, praca rysowana na tablecie graficznym - moja pierwsza ilustracja z pieskiem ","Nie, wyślij formularz",,,,,,,,,,,
2022-10-31 14:02:54,Gosia Nowak,https://drive.google.com/open?id=1aE660u9X-eBy3SzCk-Mjf8Zy_VzswOU3,Czary Mary,Inne,40 x 50 cm,"Ilustracja wykonana cyfrowo, wydruk jakości fine art",Tak,https://drive.google.com/open?id=13nQ3HK6og7JItqC-pN_Ps9Amyur3OUQ1,Koty Kwiaty,Inne,40 x 50 cm,"Ilustracja wykonana cyfrowo, wydruk jakości fine art.","Nie, wyślij formularz",,,,,
2022-10-31 15:43:33,Marysia Panas,https://drive.google.com/open?id=1rtf8kNwkhoTFMUSJJ8IljZXKsmEDENqq,Zając szarak,Grafika,30x40,Wydruk fine art na papierze 220g o wyczuwalnej fakturze,"Nie, wyślij formularz",,,,,,,,,,,
2022-10-31 16:06:49,Monika Ostrowska,https://drive.google.com/open?id=19CC-gabz23_CgWNsn3gqsxTrRlgeKa3N,What a wonderful feeling to live,Grafika,30x40cm,"- technika - kolaż
- druk pigmentowy na archiwalnym papierze o gramaturze 300 g/m2. Przy ekspozycji we wnętrzach tego rodzaju druk przetrwa nawet 100 lat 
- grafika ręcznie sygnowana i numerowana na odwrocie (egz. 5/100+2AP)
- cena wywoławcza 150 pln","Nie, wyślij formularz",,,,,,,,,,,
2022-10-31 18:02:34,Wiktoria Janik,https://drive.google.com/open?id=1ub2MbTnIXPNd9BjPJEoIIXCKb5R3JDgF,Bieszczadzkie krówki,Malarstwo,30x40,,"Nie, wyślij formularz",,,,,,,,,,,
2022-10-31 19:57:41,Neszka Szatkowska,"https://drive.google.com/open?id=1gwxqcgrYynvtqjyUV3IdzZ51SpuDhSge, https://drive.google.com/open?id=18H6apQnP9uDEglqBghkPSaGEK-xwUPP2, https://drive.google.com/open?id=1uK--KfOoL523IIj18rsNLH8DPIE6z78F, https://drive.google.com/open?id=1XQ16hXy0d84hjgD4jV46Vez-xxL7PvrJ",(mon)keynote,Grafika,50x70 cm,"Praca jest drukowana na ekologicznym, upcyklingowym papierze 250 g, lekko beżowym, z widocznymi drobinkami.","Nie, wyślij formularz",,,,,,,,,,,
2022-10-31 20:07:28,Lubek,https://drive.google.com/open?id=1MLPOlDZsDCZ8gM5XbxPgVEtWoHpVJlHW,blush pink,Inne,25x20cm,rysunek kredkami,"Nie, wyślij formularz",,,,,,,,,,,
2022-10-31 20:23:21,Kaja Wojtyga,https://drive.google.com/open?id=1DpOKBIMxw6Zc0Ru7nQazrtulf_x0QDhz,Love I,Inne,50x70,digital media,Tak,https://drive.google.com/open?id=1tHahFtDzwAkr6qWplCmXcmp9mM2YV1DE,Love II,Inne,50x70,digital media,"Nie, wyślij formularz",,,,,
2022-10-31 20:45:07,Pola Melnyczuk,https://drive.google.com/open?id=1WRZXjbKSTnDD3-efZY6vJvzxjnb6lvzt,Pies odpoczywający w słońcu,Malarstwo,40x40,Olej i akryl na płótnie ,"Nie, wyślij formularz",,,,,,,,,,,
2022-10-31 22:03:05,Magdalena Pelc / pelcc.illustra,https://drive.google.com/open?id=1FSYlH8qY-Hv0sCjqO1w5zHjP3PInlV7R,Śpiące baranki / Sleeping lambs ,Grafika,30x40 cm,Print na ozdobnym papierze jako reprodukcja oryginalnej ilustracji wykonanej ołówkiem,"Nie, wyślij formularz",,,,,,,,,,,
2022-10-31 22:14:19,Karolina Ciepielewska,https://drive.google.com/open?id=18_VzHmLV3YtqpmzUGNmi5TAEyrTZjLO5,Krajobraz z fafikiem,Grafika,100x70 cm,,"Nie, wyślij formularz",,,,,,,,,,,
2022-10-31 23:20:19,Weronika Skierka,https://drive.google.com/open?id=1zxT3UTuy_XdzMzQGMwTGA6x8JlRi72UQ,Sunny Day,Grafika,30x30 cm ,,Tak,https://drive.google.com/open?id=1qJKcH2D5AAiHyd2q37_xg52v4TfCS_zI,Dog Mom,Grafika,30x30 cm,,"Nie, wyślij formularz",,,,,
2022-11-01 01:17:30,Alicja Pałgan,https://drive.google.com/open?id=1kMStmLijk6ULLxbQN51jAuMwerSkGcKv,Psiniądz,Grafika,"A5 (14,8x21 cm)",Wydruk cyfrowy rysunku odręcznego,"Nie, wyślij formularz",,,,,,,,,,,
2022-11-01 12:51:19,Paulina  Wujec / Paolka.Wu,https://drive.google.com/open?id=1yuOcZr1jNXvmJ6vJPM4mXVP18tWRZ253,#supercat,Grafika,50 x 70 cm,,"Nie, wyślij formularz",,,,,,,,,,,
2022-11-01 17:37:46,Katarzyna Stefaniak,"https://drive.google.com/open?id=16-C9oooWbreZk7yVB_DgtVxhhnUO6fG2, https://drive.google.com/open?id=1qzQIFVOEkK5r98WBPZTuImP_NSYjkRKF, https://drive.google.com/open?id=14zNINoD7A_IPV2TQours9-eodfWKXqWv",Przyjaciele,Ceramika,"19x10x5,5","Postument w technice raku, postać porcelana","Nie, wyślij formularz",,,,,,,,,,,
2022-11-01 21:34:07,Karolina Woźniak,https://drive.google.com/open?id=1XXljwvcsaBp53ioqIxjfGm2HvkOkjEbY,Psiara,Grafika,30x35cm,Jeden z dwóch rysunków przekazanych na aukcję. Modelkami tutaj były dwie Sonie: jedna to moja koleżanka a druga to jej suczka uratowana z ukraińskiego schroniska.,Tak,https://drive.google.com/open?id=1qtuUmSuuNCXFFhCtyQ99rHwq0C7ZC289,Kociara,Grafika,30x35cm,Drugi rysunek przekazany na aukcję. Tym razem coś dla miłośniczek i miłośnikow kotów.,"Nie, wyślij formularz",,,,,
2022-11-02 09:20:29,Marta Podolska,https://drive.google.com/open?id=1v1_55B7IjqB3suIFBsBToXXh2C-p4Roa,Cat,Grafika,40x60,"Wydruk na papierze spełniającym standardy archiwalne, Solution White Velvet 270g. ",Tak,https://drive.google.com/open?id=1So781i5vE77K9RmMvqJg4ZstnsaHp1Ws,OWL,Grafika,40x60,"Wydruk na papierze spełniającym standardy archiwalne, Solution White Velvet 270g. ",Tak,https://drive.google.com/open?id=1YJ_7O8Ytj4L8PuAxY5HU23iPROgSvoY1,MONKEY,Grafika,40x60,"Wydruk na papierze spełniającym standardy archiwalne, Solution White Velvet 270g. "
2022-11-02 09:40:36,Weronika Kuc,"https://drive.google.com/open?id=1mD7Q4HXmWBkcwDyvLR-8XrWWcof1Icpa, https://drive.google.com/open?id=1Ll9PgYnQ1HmEnYWETQh9FK44oZiywPDT",Gattino,Inne,A4,Oryginalny rysunek wykonany tuszem i pędzelkiem na papierze. ,"Nie, wyślij formularz",,,,,,,,,,,
2022-11-02 10:44:48,Aleksandra Morawiak,"https://drive.google.com/open?id=1mJuyr8VT6gk4PGeWE6xfbo3m_KxHMOyr, https://drive.google.com/open?id=1L7LJpjoqJtlIbWc1v1mpYIrxynRwvW7V",Oh Dogs! + Oh Cats!,Grafika,30x40 cm,,"Nie, wyślij formularz",,,,,,,,,,,
2022-11-03 11:28:05,Igor Kubik,https://drive.google.com/open?id=1XBVKDB9-WxYZi4RIHJh71hd2NbJVUGcy,"Praca z serii ""Portret pieska""",Inne,"51x72,5cm",technika: rysunek tuszem na papierze ,Tak,https://drive.google.com/open?id=1bM_F6q8gHUEbQC1eroeptHDVh6g5Yfhw,"Praca z serii ""Portret pieska""",Inne,"51x72,5cm",technika: rysunek tuszem na papierze,Tak,https://drive.google.com/open?id=1EDahJbu4523D95lrc_sTknjU7m3dl-_Y,"Praca z serii ""Portret pieska""",Inne,"51x72,5cm",technika: rysunek tuszem na papierze
2022-11-03 11:59:37,Żaneta Antosik,https://drive.google.com/open?id=18GFxPjpkBephsJsPcfoj-7pEvtQ4W1sF,Dragonfly,Grafika,40 cm x 50 cm,,"Nie, wyślij formularz",,,,,,,,,,,
2022-11-03 12:27:15,Zosia Jędruszczak,https://drive.google.com/open?id=1jRVJ8bi5BmKsS86CGeNEcfwg1lTOs9Aj,Pjesek Kosmonauta,Grafika,50 x 70 cm,,"Nie, wyślij formularz",,,,,,,,,,,
2022-11-03 12:52:52,Paula Dudek,https://drive.google.com/open?id=1RQSfx669u-Y9BBgEc2xpGWcRx_25IUvA,Jaskółki,Grafika,50x70 cm,"Grafika ""Jaskółka"" przedstawia kobietę, która nie jest ptakiem, ale która dzięki pomocy innych - lata. Mówi też o tym, że dobrzy dla nas ludzie ciągną w górę, a nie w dół.
I jest też o tym, że można być nieco ""innym"", a jednocześnie można należeć do paczki, która akceptuje, pomaga, i jednocześnie razem z Tobą dobrze się bawi!

plakat, papier 230 gram","Nie, wyślij formularz",,,,,,,,,,,
2022-11-03 13:01:36,Zuzanna Skórska,"https://drive.google.com/open?id=1MFk56ChTUfz64tsOD2K8DUohntVPOTSt, https://drive.google.com/open?id=1fn2hC1mitKzBmLr_t4vc3U7ScvVhKBjp",Wild cats,"Malarstwo, Grafika",50x70 cm,"Printy wysokiej jakości, obrazy wykonane farbami akrylowymi oraz poddane obróbce cyfrowej","Nie, wyślij formularz",,,,,,,,,,,
2022-11-03 14:07:01,Kinga Offert,"https://drive.google.com/open?id=1NUStXqUS-aoyIE2Vkkv4ZFy1Wi5DBMJl, https://drive.google.com/open?id=1l1Z88vi_sXPnHpr5dsi_csK_DeoOGK8K, https://drive.google.com/open?id=1LHWdrEyVWWwQA91sm8H2cB6tiqj0ny5l",Digital friend 01,Inne,14x14x2cm,Hama pixel art przyklejone na 18 mm sklejce.,Tak,"https://drive.google.com/open?id=1dEaBZ1GyWCe1aNkWEn26ziRWsQYQNpzo, https://drive.google.com/open?id=1xlA4Gz_GFSylJeTvcGkpKTTcAty1pDIj",Jamnik,"Grafika, Inne",40x50 cm,druk cyfrowy na papierze archiwalnym,"Nie, wyślij formularz",,,,,
2022-11-03 17:23:25,Natalia Biegalska ,https://drive.google.com/open?id=1FkJaICU3Lu7O4qXL9R4Lkj79rAfstOu1,Dobry Rok,Inne,50x70 cm,Plakat- wysokiej jakości druk artystyczny pigmentowy na papierze standard rough 220 gram.,Tak,https://drive.google.com/open?id=1u9U4JShDLG97DiNffDwFSINu_hx0V6oX,Kosmo Pieseł,Inne,50 x 70 cm,Plakat- wysokiej jakości druk artystyczny pigmentowy na papierze standard rough 220 gram.,"Nie, wyślij formularz",,,,,
2022-11-03 20:54:52,Aleksandra Stanglewicz,https://drive.google.com/open?id=1etCi29FhviVrOItVjVnfmCMk4ROIpAQO,Frajda,Malarstwo,A4,Praca została ręcznie namalowana akwarelami,"Nie, wyślij formularz",,,,,,,,,,,
2022-11-04 12:56:13,Klaudia,https://drive.google.com/open?id=1LRyUfc0kt-EgrURnRCARU0PfrODuyBqz,W pieskach nadzieja,Grafika,30x40 cm,grafika komputerowa,"Nie, wyślij formularz",,,,,,,,,,,
2022-11-05 09:59:01,Marta Chmielecka,https://drive.google.com/open?id=1FU327Fo9zhBAKNtN6uGtoOYHhvorcfc4,We fioletowym berecie,Malarstwo,30x40cm,Ilustracja inspirowana jest zdjęciem aktorki Ellen Terry ze swoim psiakiem. ,"Nie, wyślij formularz",,,,,,,,,,,
2022-11-06 23:52:31,Ola Jędrzejewska,https://drive.google.com/open?id=1n2aDe_zBo3nwNQxFpO2tBDpi_QMDW-nH,Cafe de la luz,Grafika,40x50cm,wydruk cyfrowy,"Nie, wyślij formularz",,,,,,,,,,,
2022-11-07 14:56:51,Małgorzata Wysocka Kibart,"https://drive.google.com/open?id=1OH7-e1epRrbm6XHJ6ccLtOXmC1kScLmZ, https://drive.google.com/open?id=1mUpl-01vkIPa7g0ekwxbe8u5VH3B7Yv6, https://drive.google.com/open?id=19CseqzVPrYlPb3q5QHwwuDELQuCHT7jX",Istota,Inne,50x70,Plakat wydruk Fine Art,Tak,"https://drive.google.com/open?id=1R02gwMySmr4OzG0b-6U2JlFZiNvp6OI0, https://drive.google.com/open?id=19eG8hOXyEkqv35hrB6Njs4ZRiqwD0UhY, https://drive.google.com/open?id=1Z_WwbQaf1VXYP1KitU7USNQ9_e5DR49S",Cisza,Inne,50x70,Plakat Wydruk Fine Art,"Nie, wyślij formularz",,,,,
2022-11-07 15:12:06,Karolina Krawczyk/Pamgzi Ceramics,"https://drive.google.com/open?id=1MKcGty57Esm88oKn3wco_9067kDw_QYp, https://drive.google.com/open?id=1mlGD7nNLR967gT9iJ1xtQkn7IJVbnReQ",Przyjaciele,Ceramika,"ok.17 cm wysokości, ok 12 cm szerokości","Praca wykonana jest ręcznie z porcelany białej jak i barwionej, ręcznie  malowana. Szkliwiona bezbarwnym szkliwem ,zdobiona prawdziwym 12% złotem i angobą. Wypalona w 1260 stopniach. ","Nie, wyślij formularz",,,,,,,,,,,
2022-11-07 16:48:42,Dorota Piechocińska Ilustradora,https://drive.google.com/open?id=1Dv3XjTLYVBHL6unty2hmeyMI9mJc7ger,Abstrakcyjna parówka,Grafika,50x70,ołówek + digital,"Nie, wyślij formularz",,,,,,,,,,,
2022-11-07 17:46:40,Zofia Różycka,https://drive.google.com/open?id=1DsINwwBNZUDBOhHYKho0ffWgMPu0ftsd,pieski,Grafika,35 cm x 44 cm,akwarela z ołówkiem na papierze akwarelowym,Tak,https://drive.google.com/open?id=1ZNiNTe4a7R_F8dYsNKlCdsw5UgY5O5Wy,pieski ceramiczne,Ceramika,od 1 cm do ok. 4 cm długości i od 1 cm do ok. 3 cm wysokości,,"Nie, wyślij formularz",,,,,
2022-11-08 16:41:39,Richie Acapulco,https://drive.google.com/open?id=1KkrYKjQIUtaiUDXE7kVIJeiEczDjRZ5T,Voucher na figurkę Twojego pupila,Ceramika,-,,"Nie, wyślij formularz",,,,,,,,,,,
2022-11-08 17:05:13,Paulina Adamowska,https://drive.google.com/open?id=1TGH-gz3NVLzNPwjFld58vHweYp4eqI1r,Piesek,Malarstwo,50 x 70 cm,akryl na płótnie,"Nie, wyślij formularz",,,,,,,,,,,
2022-11-08 19:57:52,Ewelina Kordecka ,https://drive.google.com/open?id=19D0f-TGWPZPtY-W5_5ut8ISDXFQ2sEli,Cat déco,Grafika,50x70cm,,"Nie, wyślij formularz",,,,,,,,,,,
2022-11-09 11:43:59,Karol Banach,https://drive.google.com/open?id=1qF1oH9tX8DsYj-q1AyeBVkZm8igfLdrr,Hurry up,Grafika,b2,,"Nie, wyślij formularz",,,,,,,,,,,
2022-11-10 09:21:09,Magda Danaj Porysunki,https://drive.google.com/open?id=1hedVjP0H4vxrD-RzMlkhKzFfP0c-z6wl,Nos absolutny,Grafika,50 x 70,"poprzedni formularz był błędny, zupełnie inny plik :) ","Nie, wyślij formularz",,,,,,,,,,,
2022-11-10 19:44:41,Nadia Kubczak,https://drive.google.com/open?id=1lAWtN81lmQh8kE_wh5ATsc5HCmBgBUrq,"""Dog Mermaids""",Grafika,50 cm x 70 cm,Plakat drukowany jest na wysokiej jakości matowym papierze o gramaturze 200g.,"Nie, wyślij formularz",,,,,,,,,,,
2022-11-11 15:09:09,Monika Chlebek,https://drive.google.com/open?id=1cw8JbXbD7M7M_0sJNySIxVXitvZWaR3Q,"""Snowman""",Inne,A3,"wydruk obrazu ""Snowman"" na matowym papierze Tecco","Nie, wyślij formularz",,,,,,,,,,,